,Plant,Name 1,Valuation Area,Customer no. - plant,Vendor number plant,Factory calendar,Name 2,House number and street,PO Box,Postal Code,City,Sales organization,State
0,BC07,NERKUNDRAM,BC07,PLBC07,PLBC07,IN,,"No.117 Poonamallee High Road,",600107.0,600107,Chennai,MFCS,Tamil Nadu
1,BC30,SAS NAGAR - MOHALI,BC30,PLBC30,PLBC30,IN,,"C-118, Phase 07,",160055.0,160055,Mohali,MFCS,Punjab
2,X001,X001 - AUTO PLANET WHEELS,X001,PLX001,,IN,Thane,"Unit No.3, Kothari Compound,",400610.0,400610,Thane,MFCA,Maharashtra
3,X002,X002 - BHANDARI INDUSTRIES PVT,X002,PLX002,,IN,Ghaziabad,"18/1, C Site 4, Sahibabad",201010.0,201010,Ghaziabad,MFCA,Uttar Pradesh
4,X003,X003 - Om Sri Satya Sai Automo,X003,PLX003,,IN,Bengaluru,"#75, Sy.No. 83/2, Panathur Mai",560087.0,560087,Bengaluru,MFCB,Karnataka
5,X005,X005 - KLN MOTORS,X005,PLX005,,IN,Chennai,"No.8 (NP) Developed Plot,",600032.0,600032,Chennai,MFCB,Tamil Nadu
6,X006,X006 - A.M.MOTORS,X006,PLX006,,IN,Mumbai,"8, Mira, Behind Ajit Palace Ho",401104.0,401104,Thane,MFCB,Maharashtra
7,X007,X007 - OM SRI SATYA SAI AUTOMO,X007,PLX007,,IN,Bengaluru,"Seegehalli main road,",560037.0,560037,Bengaluru,MFCB,Karnataka
8,X008,X008- AAKASH AUTO (Puducherry),X008,PLX008,,IN,Puducherry,"145/2, Villiyanur main road,",605110.0,605110,Puducherry,MFCC,Puducherry
9,X010,X010 - LVM MOTORS,X010,PLX010,,IN,Chennai,"B- 49 Emerald Nagar, SIPCOT,",632406.0,632406,Ranipet,MFCD,Tamil Nadu
10,X011,X011- AAKASH AUTO (Villupuram),X011,PLX011,,IN,Chennai,"No 7, Trichy Trunk Road,",605401.0,605401,Villupuram,MFCD,Tamil Nadu
11,X012,X012 - SR CAR CARE,X012,PLX012,,IN,Tamil Nadu,"No 5, Bye Pass Road,",608001.0,608001,Chidambaram,MFCD,Tamil Nadu
12,X013,X013 - SAI AUTO WORKS,X013,PLX013,,IN,Tamil Nadu,"NH 45 C, Rainbow Nagar Near Mo",607308.0,607308,Neyveli,MFCD,Tamil Nadu
13,X014,X014 - NANGAN MOTORS PVT LTD.,X014,PLX014,,IN,Ambur,"0/1, M.C.Road,",635802.0,635802,Ambur,MFCD,Tamil Nadu
14,X016,X016 - KHUTWAD MOTORS,X016,PLX016,,IN,Boripardhi,"Khutwad Complex,",412203.0,412203,Boripardhi,MFCD,Maharashtra
15,X017,X017 - HEM KIRAN DIESELS,X017,PLX017,,IN,Kolhapur,"1227-E Rajaram Road,",416008.0,416008,Kolhapur,MFCD,Maharashtra
16,X018,X018 - EXPRESS WHEELS AUTO SER,X018,PLX018,,IN,Shirur,"Gut No. 1340,",412210.0,412210,Shirur,MFCD,Maharashtra
17,X020,X020 - SURYABALA SERVICE,X020,PLX020,,IN,Coimbatore,"Subbiah Naidu Thottam,",641039.0,641039,Coimbatore,MFCC,Tamil Nadu
18,X021,X021 - THE TRUE SAI MOTORSS,X021,PLX021,,IN,Salem,"1/9, Court Road,",636007.0,636007,Salem,MFCC,Tamil Nadu
19,X022,X022 - ARASU CAR ACCESSORIES,X022,PLX022,,IN,Thanjavur,"# 20, Sanjeeve Nagar,",613005.0,613005,Thanjavur,MFCD,Tamil Nadu
20,X023,X023 - ROYAL KRR AUTOS,X023,PLX023,,IN,Tirupur,"8(1A), KRR Layout, Karuvampala",641604.0,641604,Tirupur,MFCC,Tamil Nadu
21,X024,X024 - ARASU CAR ACC (TRICHY),X024,PLX024,,IN,Trichy,"1, JP Nagar,",620009.0,620009,Tiruchirappalli,MFCC,Tamil Nadu
22,X025,X025 - SHIVALIK AUTOMOBILES,X025,PLX025,,IN,Punjab,"NH-95,",142001.0,142001,Moga,MFCD,Punjab
23,X026,X026 - MAHADEVI SERVICE CENTER,X026,PLX026,,IN,PUNE,"151/1, Mahalunge,",410501.0,410501,Pune,MFCD,Maharashtra
24,X027,X027 - RAHUL AUTO SERV. PVT.,X027,PLX027,,IN,Pune,"Survey No. 167, adjacent to Pa",410506.0,410506,Pune,MFCD,Maharashtra
25,X028,X028 - SAIDEEP CAR CARE,X028,PLX028,,IN,Ahmednagar,"Survey No. 55/1/2B/1, B/H New",414001.0,414001,Ahmednagar,MFCD,Maharashtra
26,X029,X029 - SWAMI AUTO CARE PVT LTD,X029,PLX029,,IN,Zirakpur,"Singhpura,",140603.0,140603,Zirakpur,MFCD,Punjab
27,X031,X031 - ANUSHRI MOTORS,X031,PLX031,,IN,Pollachi,"279,",642003.0,642003,Pollachi,MFCD,Tamil Nadu
28,X032,X032 - SBBS MOTORS,X032,PLX032,,IN,Dharmapuri,"5/309A, Sagadevan Street,",636705.0,636705,Dharmapuri,MFCD,Tamil Nadu
29,X033,X033 - TRISTAR INDIA TRADING,X033,PLX033,,IN,Shimoga,"Plot No. 9/3 # 897/3,",577202.0,577202,Shimoga,MFCD,Karnataka
30,X034,X034 - SOHAMM MOTORS,X034,PLX034,,IN,Aurangabad,"Plot No. C-27,",431006.0,431006,Aurangabad,MFCD,Maharashtra
31,X035,X035 - DOCTOR CARS,X035,PLX035,,IN,Pune,"390/2B, Opposite Sandvik Asia",411012.0,411012,Pune,MFCC,Maharashtra
32,X036,X036 - X-PRESS MOTORS,X036,PLX036,,IN,Madurai,"D-25, SIDCO Industrial Estate,",625008.0,625008,Madurai,MFCC,Tamil Nadu
33,X037,X037 - DHEERAJ MOTORS,X037,PLX037,,IN,Kurnool,"D. No. 45-142-70-5-B, NH-7 Roa",518003.0,518003,Kurnool,MFCD,Andhra Pradesh
34,X039,X039 - SAI AUTOMOBILES,X039,PLX039,,IN,Chennai,"No: 4/905, GNT Road,",600052.0,600052,Chennai,MFCD,Tamil Nadu
35,X041,X041 - VARDAJYOTI AUTOMOBILES,X041,PLX041,,IN,Meerut,"Madhuban,",250002.0,250002,Meerut,MFCD,Uttar Pradesh
36,X042,X042 - CAR PLANET ENTERPRISES,X042,PLX042,,IN,Raipur,"Opp. Deendayal Upadhyay Nagar,",492001.0,492001,Raipur,MFCC,Chhattisgarh
37,X044,X044 - KANMANI CAR CARE,X044,PLX044,,IN,Dindigul,No. 250 Trichy By Pass Road,624005.0,624005,Dindigul,MFCD,Tamil Nadu
38,X045,X045 - BA MOTORS,X045,PLX045,,IN,Rohtak,"Near BA NISSAN PVT. LTD,",124001.0,124001,Rohtak,MFCD,Haryana
39,X046,X046 - SVERA AUTOMOBILES,X046,PLX046,,IN,Jhajjar,"Plot No - 1309,",124103.0,124103,Jhajjar,MFCD,Haryana
40,X047,X047 - X-PRESS MOTORS,X047,PLX047,,IN,Tirunelveli,Plotno:142 Trivandrum Bye Pass,627002.0,627002,Tirunelveli,MFCC,Tamil Nadu
41,X048,X048 - HARI KRISHNA AUTOMOBILE,X048,PLX048,,IN,Nagercoil,"NMC-1/344A , Jayajothi Buildin",629001.0,629001,Nagercoil,MFCD,Tamil Nadu
42,X049,X049 - SHENBAGAM MOTORS,X049,PLX049,,IN,Tuticorin,"1D/219, Meelavittan Main Road,",628002.0,628002,Tuticorin,MFCD,Tamil Nadu
43,X050,X050 - VISHWATMAK AUTOMOBILES,X050,PLX050,,IN,Vadali Bhoi,"Gutt No.514,Mumbai Agra Highwa",423117.0,423117,Vadali Bhoi,MFCD,Maharashtra
44,X051,X051 - RAJATHI AUTO CARE PRIVA,X051,PLX051,,IN,Coimbatore,"No.5, Thottipalayam Privu, Raj",641014.0,641014,Coimbatore,MFCC,Tamil Nadu
45,X052,X052 - XPRESS MOTORS,X052,PLX052,,IN,Madurai,"Shed  No.I-4, Industrial Estat",625102.0,625102,Madurai,MFCC,Tamil Nadu
46,X053,X053 - PREM AUTOMOBILES,X053,PLX053,,IN,Bhagpat,"Plot No. 525,",250609.0,250609,Bhagpat,MFCD,Uttar Pradesh
47,X054,X054 - HOREB AUTOMOBILES,X054,PLX054,,IN,Ongole,"7-38, NH-5, Opp. Auto Nagar,",532001.0,532001,Ongole,MFCD,Andhra Pradesh
48,X055,X055 - S K AUTOMOBILES,X055,PLX055,,IN,Rajahmundry,"84-1-2, Beside ONGC Base Compl",533106.0,533106,Rajahmundry,MFCD,Andhra Pradesh
49,X056,X056 - SRI RAJABABU AUTOMOTIVE,X056,PLX056,,IN,Vijayawada,"RS No:- 324/3A,",520008.0,520008,Vijayawada,MFCC,Andhra Pradesh
50,X057,X057 - RANGANATHA SWAMY MOTORS,X057,PLX057,,IN,Hassan,"Survey No-188/1, NH-48,",573201.0,573201,Hassan,MFCD,Karnataka
51,X058,X058 - ASR AUTOMOBILES,X058,PLX058,,IN,Sonepat,"Opposite Suraj Petrol Pump ,",131001.0,131001,Sonepat,MFCD,Haryana
52,X060,X060 - SHIVANSH AUTOMOTIVE,X060,PLX060,,IN,Chhindwara,"Village - Sarra,",480001.0,480001,Chhindwara,MFCD,Madhya Pradesh
53,X061,X061 - APS MOTORCARE PVT LTD,X061,PLX061,,IN,Rishikesh,"581, Laxman Jhoola Road,",249201.0,249201,Rishikesh,MFCD,Uttarakhand
54,X062,X062 - S N S MOTORS MYSORE,X062,PLX062,,IN,Mysore,"No. 2421, Opp Yashaswini Kalya",570017.0,570017,Mysore,MFCC,Karnataka
55,X063,X063 - CHAKARAVARTHY AUTOMOTIV,X063,PLX063,,IN,Hyderabad,"Survey No 146/3, N.H Road,",515004.0,515004,Anantapur,MFCD,Andhra Pradesh
56,X064,X064 - SHIVAM ENTERPRISES,X064,PLX064,,IN,Hisar,"Old Industrial Area,",125005.0,125005,Hisar,MFCD,Haryana
57,X065,X065 - PIONEER AUTOWORLD,X065,PLX065,,IN,Greater Noida,A Unit Of Pioneer Automotive E,201306.0,201306,Greater Noida,MFCB,Uttar Pradesh
58,X066,X066 - REVATHI SERVICE CENTRE,X066,PLX066,,IN,Palani,"189/7, Opp New RTO Office,",624601.0,624601,Palani,MFCD,Tamil Nadu
59,X068,X068 - VAKA CARS,X068,PLX068,,IN,Thirupathi,"#297, Sanjay Gandhi Colony,",517501.0,517501,Thirupathi,MFCD,Andhra Pradesh
60,X072,X072 - PRABHAV PREMIUM AUTOMOB,X072,PLX072,,IN,Abohar,"Plot No 382,",152116.0,152116,Abohar,MFCD,Punjab
61,X073,X073- KRITI AUTOMOBILE REPAIR,X073,PLX073,,IN,Nashik,"Plot A-6, MIDC,",422007.0,422007,Nashik,MFCD,Maharashtra
62,X074,X074 - VISHWA MOTORS,X074,PLX074,,IN,Shrigonda,"Nr. Hotel R. K. Garden,",413701.0,413701,Shrigonda,MFCD,Maharashtra
63,X075,X075 - FUTUREVISION INNOVATION,X075,PLX075,,IN,Agra,"14 Km Milestone,",282007.0,282007,Agra,MFCD,Uttar Pradesh
64,X076,X076 - CAR X CARE,X076,PLX076,,IN,Firozabad,"Chameli Bagh, Near Raja Ka Taa",283203.0,283203,Firozabad,MFCD,Uttar Pradesh
65,X079,X079 -  SHREE R V CAR CARE,X079,PLX079,,IN,Kolar,"No 1064/ 442, Next to R V Inte",563101.0,563101,Kolar,MFCD,Karnataka
66,X080,X080 - KHAMLA MOTORS,X080,PLX080,,IN,Nagpur,"E-4/2, MIDC, Industrial Area,",440028.0,440028,Nagpur,MFCB,Maharashtra
67,X081,X081 - GEO MOTORS,X081,PLX081,,IN,Kottayam,"NP/XI/216 E,",686013.0,686013,Kottayam,MFCD,Kerala
68,X082,X082 - A&P MOTORS,X082,PLX082,,IN,Khammam,"Plot No 200,201 Pragathi Co-Op",507003.0,507003,Khammam,MFCD,Telangana
69,X083,X083 - EXCELLENT SERVICE,X083,PLX083,,IN,Suryapet,"Survey No. 726, A/4,",508213.0,508213,Suryapet,MFCD,Telangana
70,X084,X084 - RM AUTOMOTIVE SERVICES,X084,PLX084,,IN,Vijayapura,"Sy No. 449/4, Mantri Colony,",586102.0,586102,Vijayapura,MFCD,Karnataka
71,X085,X085 - SRI MOTORS,X085,PLX085,,IN,Chennai,"No 156, Pazhaveli Bye Pass,",603111.0,603111,Chengalpattu,MFCD,Tamil Nadu
72,X086,X086 - STRIKER AUTOMOBLIES,X086,PLX086,,IN,Bilaspur,"Plot No. 4-5,",174001.0,174001,Bilaspur,MFCD,Himachal Pradesh
73,X089,X089 - AKOLA NATIONAL GARAGE,X089,PLX089,,IN,Akola,"Beside Anapurna Mata Mandir,",444005.0,444005,Akola,MFCD,Maharashtra
74,X091,X091 - HARIKRIPA ENTERPRISES,X091,PLX091,,IN,INDORE,"54, Udyog Nagar,",452001.0,452001,Indore,MFCC,Madhya Pradesh
75,X092,X092 - EXCEL AUTO CORP. PVT. L,X092,PLX092,,IN,Indore,"20/4/11, Lasudia Mori,",452010.0,452010,Indore,MFCC,Madhya Pradesh
76,X095,X095 - NATIONAL AUTOMOBILE,X095,PLX095,,IN,Sikar,"NH-11, Gokulpura Bypass,",332001.0,332001,Sikar,MFCD,Rajasthan
77,X097,X097 -  KAINIKKARA MOTORS,X097,PLX097,,IN,Pathanamitta,"P-277/13-3 P-277/12-2, K-277/1",689653.0,689653,Pathanamitta,MFCD,Kerala
78,X098,X098 - KAPOOR MOTORS,X098,PLX098,,IN,Una,"Opp R.T.O Barrier,",174315.0,174315,Una,MFCD,Himachal Pradesh
79,X099,X099 - AUTO WORLD CAR CARE,X099,PLX099,,IN,Nashik,"Plot # 9, Pethe Nagar Road,",422009.0,422009,Nashik,MFCD,Maharashtra
80,X101,X101 - ARIHANT AUTO,X101,PLX101,,IN,Indapur,"236/2/E Pune-Solapur Road,",413106.0,413106,Indapur,MFCD,Maharashtra
81,X102,X102 - WEST COAST AUTOMOTIVE,X102,PLX102,,IN,Mangalore,"No.27-16 (27-16CP6),",575007.0,575007,Mangalore,MFCB,Karnataka
82,X103,X103 - DAYAL MOTORS,X103,PLX103,,IN,Chomu,"Near, Bhanwaria Hospital,",303702.0,303702,Chomu,MFCD,Rajasthan
83,X105,X105 - MSK CARS,X105,PLX105,,IN,Erode,"100/17, 100/18, Urc Nagar Piri",638009.0,638009,Erode,MFCD,Tamil Nadu
84,X106,X106 - TRS MOTORS,X106,PLX106,,IN,Dewas,"In front of Bhakti Avenue,",455001.0,455001,Dewas,MFCD,Madhya Pradesh
85,X107,X107 - DIXIT MOTORS,X107,PLX107,,IN,Wardha,,442001.0,442001,Wardha,MFCD,Maharashtra
86,X108,X108 - PADMA SHREE MOTORS,X108,PLX108,,IN,Nagda,"Survey No. 66/9, Betma Road Ka",454774.0,454774,Nagda,MFCD,Madhya Pradesh
87,X109,X109 - NANGAN MOTORS PVT. LTD,X109,PLX109,,IN,Chennai,"Plot No. 86C and 86D, 2nd Main",600058.0,600058,Chennai,MFCB,Tamil Nadu
88,X110,X110 - KALYAN SERVICES,X110,PLX110,,IN,Coimbatore,"4/5 C, Union Road,",641030.0,641030,Coimbatore,MFCC,Tamil Nadu
89,X111,X111 - RUDRA MOTORS,X111,PLX111,,IN,Amritsar,"Opposite, Ryan international S",143001.0,143001,Amritsar,,Punjab
90,X112,X112 - PATNA WHEELS POINT,X112,PLX112,,IN,Patna,"Ashiyana Digha Road,",800025.0,800025,Patna,MFCC,Bihar
91,X113,X113 - S G AUTOMOTIVES,X113,PLX113,,IN,Mangalore,"Site No - 9/10,",575019.0,575019,Mangalore,MFCC,Karnataka
92,X114,X114 - A J MOTORWORKS,X114,PLX114,,IN,Bhopal,"4/1 Chuna Bhatti, Kolar Road",462016.0,462016,Bhopal,MFCD,Madhya Pradesh
93,X115,X115 - LOHIA CAR CARE,X115,PLX115,,IN,Ujjain,"Adjoining Shree Vardhan Hotel,",456006.0,456006,Ujjain,MFCD,Madhya Pradesh
94,X118,X118 - SURBHI GLOBAL PVT. LTD,X118,PLX118,,IN,Gwalior,"Portion of Survey no 860,",474002.0,474002,Gwalior,MFCD,Madhya Pradesh
95,X119,X119 - VIVEK SERVICES,X119,PLX119,,IN,Buxar,"Jaso Road,",802101.0,802101,Buxar,MFCD,Bihar
96,X121,X121 - MANICK ENTERPRISES,X121,PLX121,,IN,Belgaum,"N15, Industrial Estate,",590008.0,590008,Belgaum,MFCC,Karnataka
97,X122,X122 - S & B AUTOMOBILE,X122,PLX122,,IN,Barh,"Plot No - 174&159, Khata No- 1",803213.0,803213,Bahr,MFCD,Bihar
98,X123,X123 - WHEELOCITY CAR SERVICES,X123,PLX123,,IN,Bhagalpur,"Khasara no 29, At Post Khiriba",812005.0,812005,Bhagalpur,MFCD,Bihar
99,X124,X124 - ZEF MOTORS,X124,PLX124,,IN,Kochi,"Near Vallathol Junction,",682021.0,682021,Kochi,MFCC,Kerala
100,X125,X125 - SHRI WARDHMAN MOTO CORP,X125,PLX125,,IN,Bhopal,"18/1, Sector G, JK Main Road,",462023.0,462023,Bhopal,MFCD,Madhya Pradesh
101,X126,X126 - M.P AUTO VEHICLES PVT.,X126,PLX126,,IN,Varanasi,"B38/2A 3 & 4, Gopal Vihar Colo",221010.0,221010,Varanasi,MFCD,Uttar Pradesh
102,X127,X127 - MY SUPREME,X127,PLX127,,IN,Neemuch,"Near Naka No. 7, Mhow Road.",458441.0,458441,Neemuch,MFCD,Madhya Pradesh
103,X128,X128 - SRI LAKSHMI AUTOMOBILES,X128,PLX128,,IN,Thiruvarur,"TS No: 408/13, Nagai Bye Pass",610001.0,610001,Thiruvarur,MFCD,Tamil Nadu
104,X129,X129 - A.V. AUTOMOBILES,X129,PLX129,,IN,Pinjore,"Pinjore Baddi Highway,",134102.0,134102,Pinjore,MFCD,Haryana
105,X131,X131 - LEELA AUTOMOBILE,X131,PLX131,,IN,Bahraich,"Akbarpura Nai Basti ,Kisan P.G",271801.0,271801,Bahraich,MFCD,Uttar Pradesh
106,X132,X132 - KATIYAR MANGALAM AUTOMO,X132,PLX132,,IN,Farrukhbad,"Khasra 523,Gram Satanpur",209625.0,209625,Farrukhbad,MFCD,Uttar Pradesh
107,X133,X133 - SRI BALAJI MOTORS,X133,PLX133,,IN,Avadi,"S No 694, Avadi Poonamallee Hi",600071.0,600071,Avadi,MFCD,Tamil Nadu
108,X135,X135 - S P JIRAPURE MOTORS,X135,PLX135,,IN,Yavatmal,"Plot No. 18-21,25-26, Jam road",445001.0,445001,Yavatmal,MFCD,Maharashtra
109,X136,X136 - SUNRISE AUTO CARE,X136,PLX136,,IN,Jaipur,"A-243, Road No. 6,",302013.0,302013,Jaipur,MFCD,Rajasthan
110,X138,X138 - HIM AUTOS,X138,PLX138,,IN,Kullu,"Village- mahili, District & Te",175129.0,175129,Kullu,MFCD,Himachal Pradesh
111,X139,X139 - INDRADHANUSH AUTOMOBILE,X139,PLX139,,IN,Bikramganj,"SH15, Bikramganj Dehri Road, B",802212.0,802212,Bikramganj,MFCD,Bihar
112,X140,X140 - SRI RAJARAJESHWARI SERV,X140,PLX140,,IN,Hubballi,"Plot No - 157/1a, Opp State Ex",580025.0,580025,Hubballi,MFCC,Karnataka
113,X146,X146 - RUGRUT MOTORS,X146,PLX146,,IN,Pune,"Sr No 34/1A, Pune-Solapur Road",412307.0,412307,Pune,MFCD,Maharashtra
114,X147,X147 - SPECTRUM AUTOMOTIVES,X147,PLX147,,IN,X147 - SPECTRUM AUTOMOTIVES,"#174/1, Sanklapur,",583201.0,583201,Hospet,MFCD,Karnataka
115,X149,X149 - SARVADNYA AUTO CARE LAT,X149,PLX149,,IN,Latur,"No-1 Chawk ,Near Dic Office,",413531.0,413531,Latur,MFCD,Maharashtra
116,X150,X150 - S K CAR CARE,X150,PLX150,,IN,Karaikal,"685/1, Barathiyar road,",609609.0,609609,Karaikal,MFCD,Puducherry
117,X154,X154 - G.K.CAR ZONE,X154,PLX154,,IN,Thiruvallur,"No 6, C.V Naidu Salai,",602001.0,602001,Thiruvallur,MFCD,Tamil Nadu
118,X155,X155 - AVEER AUTO SPARES AND S,X155,PLX155,,IN,Chhatarpur,"Plot no 261, Behind Jawahar Pe",471001.0,471001,Chhatarpur,MFCD,Madhya Pradesh
119,X156,X156 - MANGLAM AUTOMOBILES,X156,PLX156,,IN,Ratlam,"1098/4- 1098/19,",457001.0,457001,Ratlam,MFCD,Madhya Pradesh
120,X157,X157 - PYDI AUTOMOTIVE LLP,X157,PLX157,,IN,Sirkakulam,"Sy.No. 77-11, NH-16, Kusalapur",532410.0,532410,Sirkakulam,MFCD,Andhra Pradesh
121,X159,X159 - BHANDARI SERVICE CENTRE,X159,PLX159,,IN,Khargone,"Khasra No 10, Halka No 42, Nav",451001.0,451001,Khargone,MFCD,Madhya Pradesh
122,X160,X160 - AMRIT SERVICE STATION,X160,PLX160,,IN,Khandwa,"143/8, Indore Road,",450001.0,450001,Khandwa,MFCD,Madhya Pradesh
123,X161,X161 - ADVANCE AUTO SERVICES,X161,PLX161,,IN,Chandigarh,"Plot Number-81,",160002.0,160002,Chandigarh,MFCC,Chandigarh
124,X164,X164 - EQRA AUTO,X164,PLX164,,IN,Udaipur,"Plot No 10 , Opposite A- one G",313001.0,313001,Udaipur,MFCD,Rajasthan
125,X166,X166 - ANAND AUTOMOTIVE,X166,PLX166,,IN,Gwalior,"Plot no. 16, Industrial Area,",474001.0,474001,Gwalior,MFCD,Madhya Pradesh
126,X167,X167 - MANAK MOTORS P LTD,X167,PLX167,,IN,Jodhpur,"Parshwanath Colony,",342001.0,342001,Jodhpur,,Rajasthan
127,X169,X169 - DREAMWORKS AUTOMOTIVE,X169,PLX169,,IN,Kishangarh,"C\o Rupalo  Rawalo, Main Highw",305801.0,305801,Kishangarh,MFCD,Rajasthan
128,X170,X170 - S K  AUTOMOBILES,X170,PLX170,,IN,Jhunjhunu,"Plot no - G60B, Riico Industri",333001.0,333001,Jhunjhunu,MFCD,Rajasthan
129,X171,X171 - SRI OM MOTORS,X171,PLX171,,IN,Rajashtan,Near Pugal road railway crossi,334001.0,334001,Bikaner,MFCD,Rajasthan
130,X172,X172 - MARRCO MACHINERIES,X172,PLX172,,IN,Kota,"G-560a, Industrial Area Under",324005.0,324005,Kota,MFCD,Rajasthan
131,X173,X173 - TRIMURTI AUTOMOBILES,X173,PLX173,,IN,Pune,"Gut no 133,",412205.0,412205,Pune,MFCD,Maharashtra
132,X174,X174 - ANKITHA MOTORS,X174,PLX174,,IN,Hyderabad,"1-115/99, Sy No 99,",500049.0,500049,Hyderabad,MFCB,Telangana
133,X175,X175 - SPYNS AUTO,X175,PLX175,,IN,Hyderabad,"Sy No :- 66/4, Opp Big Baazar,",500074.0,500074,Hyderabad,MFCD,Telangana
134,X177,X177 - MAHAMAYA MOTORS,X177,PLX177,,IN,Shahpura,"NH -8, Near Essar Petrol Pump,",311404.0,311404,Shahpura,MFCD,Rajasthan
135,X179,X179 - CHAUDHARY CAR SERVICE C,X179,PLX179,,IN,Khair,"Khet No 11 Gomat Chauraha,",202135.0,202135,Khair,MFCD,Uttar Pradesh
136,X180,X180 - RAMSUN ADVANTAGE,X180,PLX180,,IN,Pudukottai,"6781/1, 6781/2, New Street,",622001.0,622001,Pudukottai,MFCD,Tamil Nadu
137,X183,X183 - MANALI AUTO WORLD,X183,PLX183,,IN,Sangamner,Opp Amrutvaini Engineering Col,422608.0,422608,Sangamner,MFCD,Maharashtra
138,X185,X185 - GUPTA CAR CARE,X185,PLX185,,IN,Rajsamand,"Plot no 1682, Gupta Car Care,",313324.0,313324,Rajsamand,MFCC,Rajasthan
139,X186,X186 - AISHWARYA MOTORS,X186,PLX186,,IN,Kalaburagi,"Survey No. 99,",585102.0,585102,Kalaburagi,MFCD,Karnataka
140,X187,X187 - MOTIWALA SERVICES,X187,PLX187,,IN,Aurangabad,"CTS no 14536/3, Shit no 118,",431001.0,431001,Aurangabad,MFCD,Maharashtra
141,X188,X188 - SONA AUTOMOBILES,X188,PLX188,,IN,Rosera,"Old Bus Stand, Ward No.-09, P.",848210.0,848210,Rosera,MFCD,Bihar
142,X190,X190 - NITHIYA MOTORS,X190,PLX190,,IN,Bengaluru,"Sy No: 39/1b, 39/2,",562107.0,562107,Bengaluru,MFCD,Karnataka
143,X191,X191 - BABA MOTORS,X191,PLX191,,IN,Hingoli,"Gut No - 221/5, Aundha Road,",431513.0,431513,Hingoli,MFCD,Maharashtra
144,X192,X192 - POKATTIL MOTORS,X192,PLX192,,IN,Kottakkal,"1/3B, Athirumada,",676552.0,676552,Kottakkal,MFCD,Kerala
145,X194,X194 -  MNC AUTOMOBILES,X194,PLX194,,IN,Rajahmundry,"Survey no 222/2, Near NH-16 -",533105.0,533105,Rajahmundry,MFCD,Andhra Pradesh
146,X196,X196 -  BHATTAD AUTO SERVICES,X196,PLX196,,IN,Ojhar,"2436/2/1, Panchwad Nagar, N.H.",422207.0,422206,Nashik,MFCD,Maharashtra
147,X198,X198 - S G AUTOMOTIVE,X198,PLX198,,IN,Udupi,"S.No 97/4AP3, Opposite Bharath",585105.0,585105,Udupi,MFCD,Karnataka
148,X199,X199 - RUDRA AUTOCARE,X199,PLX199,,IN,Ambikapur,"Beside Rawat Residency,",497001.0,497001,Ambikapur,MFCD,Chhattisgarh
149,X201,X201 - ADITYA AUTO WORLD,X201,PLX201,,IN,Shamli,"Khasra No-  612 Me, Kairana Ro",247776.0,247776,Shamli,MFCD,Uttar Pradesh
150,X202,X202 - BHARATH MOTORS,X202,PLX202,,IN,Guntur,"#155A, Opp Rayapati Veeraiah C",522034.0,522034,Guntur,MFCD,Andhra Pradesh
151,X203,X203 - B.M.M AUTOMOBILE SERVIC,X203,PLX203,,IN,Proddatur,S.No 542/1 Industrial Developm,516360.0,516360,Proddatur,MFCD,Andhra Pradesh
152,X204,X204 - SREEDEVI AUTOMOTIVE SER,X204,PLX204,,IN,Kakinada,"2-540, 2-541, Ramanayyapeta,",533001.0,533001,Kakinada,MFCD,Andhra Pradesh
153,X205,X205 - ABHINANDAN AUTOMOBILES,X205,PLX205,,IN,Amroha,"Joya Road, Near Amroha",244221.0,244221,Amroha,MFCD,Uttar Pradesh
154,X206,X206 - SHRI SAI SHAKTI SERVICE,X206,PLX206,,IN,Tikamgarh,"Khasra No 592 & 593, Village A",472101.0,472101,Tikamgarh,MFCD,Madhya Pradesh
155,X209,X209 - UMA AUTOMOBILES,X209,PLX209,,IN,Jhansi,"Khasra No. 507, Maoza-Budha,",284002.0,284002,Jhansi,,Uttar Pradesh
156,X210,X210 - JAGESHWARI AUTOMOBILE S,X210,PLX210,,IN,Kausambhi,"Khasra No 381, NH-95, Mile Sto",212216.0,212216,Kausambhi,MFCD,Uttar Pradesh
157,X211,X211 -  M/S KAMAL MOTORS,X211,PLX211,,IN,Hatras,"Khasra No. 108- 109,Gaon Kalwa",204101.0,204101,Hatras,MFCD,Uttar Pradesh
158,X213,X213 - SAINATH AUTOMOBILES,X213,PLX213,,IN,Mancherial,"Sy.No.367, Hitechcity,",504208.0,504208,Mancherial,MFCD,Telangana
159,X214,X214 - M/S J.P. AUTOMOBILES,X214,PLX214,,IN,Shahjahanpur,"Village Bhedpur, NH 24,Opposit",242001.0,242001,Shahjahanpur,MFCD,Uttar Pradesh
160,X215,X215 - VINAY AUTO SERVICES,X215,PLX215,,IN,Begusarai,"Sushil Nagar, NH-31,",851134.0,851134,Begusarai,MFCD,Bihar
161,X217,X217 - SHEETAL AUTO SERVICES,X217,PLX217,,IN,Malegaon,"573, New Agra Road, Opp. Rames",423203.0,423203,Malegaon,MFCD,Maharashtra
162,X218,X218 - PRAGATI MOTORS,X218,PLX218,,IN,Nashik,"Mali Firm, Aurangabad road, Op",422003.0,422003,Nashik,MFCD,Maharashtra
163,X219,X219 - JPG CAR CARE,X219,PLX219,,IN,Satna,"Hotel Pratap Complex, Rewa Roa",485001.0,485001,Satna,MFCD,Madhya Pradesh
164,X224,X224 - ADITYA AUTO,X224,PLX224,,IN,Aligarh,"Khasara No 329, Village Sarsau",202001.0,202001,Aligarh,MFCD,Uttar Pradesh
165,X226,X226 - R.V.MOTORS,X226,PLX226,,IN,Gangavthi,"Survey No- 57/D,",583227.0,583227,Gangavthi,MFCC,Karnataka
166,X227,X227 - SHRI WARDHMAN MOTOWORKS,X227,PLX227,,IN,Jabalpur,"1566, Bedi Nagar, Sharda Chowk",482001.0,482003,Jabalpur,MFCD,Madhya Pradesh
167,X229,X229 - OM MOTORS,X229,PLX229,,IN,Buldhana,"Chikhli Road,",443001.0,443001,Buldhana,MFCD,Maharashtra
168,X231,X231 - AURORA AUTOMOBILES,X231,PLX231,,IN,Patna,"Muncipal Survey Plot No. 2586,",800009.0,800009,Patna,MFCC,Bihar
169,X233,X233 - SINGHAL AUTOMOBILES,X233,PLX233,,IN,Rudrapur,"Khasra No. 506, NH-74, Kiccha",263153.0,263153,Rudrapur,MFCD,Uttarakhand
170,X238,X238 - BASAVDEEP MOTORS,X238,PLX238,,IN,Solapur,"46, Industrial Estate,",413003.0,413003,Solapur,MFCD,Maharashtra
171,X240,X240 - VANDANA MOTORS,X240,PLX240,,IN,Rajgarh,"Infront of Collectrate, Near K",465661.0,465661,Rajgarh,MFCD,Madhya Pradesh
172,X241,X241 - SHRI KRISHNA AUTOMOTIVE,X241,PLX241,,IN,Kashipur,"Khasra No. 87, Kashipur Ramnag",244713.0,244713,Kashipur,MFCD,Uttarakhand
173,X242,X242 - LAXMI AUTOMOBILES,X242,PLX242,,IN,Haldwani,"Himmatpur Bajnath, P/O - Anand",263139.0,263139,Haldwani,MFCD,Uttarakhand
174,X243,X243 - JINDAL AUTOMOBILES,X243,PLX243,,IN,Ramnagar,"Village - Pattapani, Belparao,",263153.0,263140,Ramnagar,MFCD,Uttarakhand
175,X244,X244 - SHYAM MOTORS,X244,PLX244,,IN,Reengus,"NH - 52, Bypass Road,",332404.0,332404,Reengus,MFCD,Rajasthan
176,X245,X245 - ABHI FUEL CENTER,X245,PLX245,,IN,Kolkata,"Sodepur  Muragacha, Barasat Ro",700110.0,700110,Kolkata,MFCD,West Bengal
177,X246,X246 - SHIVA JYOTI MOTORS,X246,PLX246,,IN,Talcher,"NH-53, Bye Pass Road,",759107.0,759107,Talcher,MFCD,Odisha
178,X247,X247 - SATTVIK MOTORS,X247,PLX247,,IN,Paradeep,"Plot No- 235/236, At-Pipala, P",754141.0,754141,Paradeep,MFCD,Odisha
179,X248,X248 -  SHREE GURUNANAK MOTORS,X248,PLX248,,IN,Gondia,"Khata No. 1385/4, Khamari Road",441614.0,441614,Gondia,MFCD,Maharashtra
180,X249,X249 - AMBUJA'S AUTOMOTIVES,X249,PLX249,,IN,Namakkal,"Door No - 814/137d8, 815/137d7",636201.0,636201,Namakkal,MFCD,Tamil Nadu
181,X251,X251 - APEX MOTORS,X251,PLX251,,IN,Sanchore,"Khasra No- 2218, Makhupura Pan",343041.0,343041,Sanchore,MFCD,Rajasthan
182,X252,X252 - DINASARASWATI ENTERPRIE,X252,PLX252,,IN,Mohania,"NH-2, Opposite Uppwan Hotel,",821109.0,821109,Mohania,MFCC,Bihar
183,X253,X253 - GURUPRABHA AUTOWHEELS,X253,PLX253,,IN,Udgir,"Opposite Mukkawar Petrol Pump,",413517.0,413517,Udgir,MFCD,Maharashtra
184,X254,X254 - MOTOCARE,X254,PLX254,,IN,Karur,"No. 2013/1 , Andankovil East v",639002.0,639002,Karur,MFCD,Tamil Nadu
185,X255,X255 - PRAGATI MOTORS,X255,PLX255,,IN,Kuchaman City,"Opp.Hotel Sharda,",302020.0,302020,Kuchaman City,MFCD,Rajasthan
186,X256,X256 - KALRA AUTOMOBILES,X256,PLX256,,IN,Ambala,"45/593, Block No-II, Near Clos",134007.0,134007,Ambala,MFCD,Haryana
187,X259,X259 - ROUNAK MOTORS,X259,PLX259,,IN,Bhubaneswar,"Plot No. 239/A, Sector-A, Zone",751010.0,751010,Bhubaneswar,MFCD,Odisha
188,X260,X260 - YAGNIK MOTORS,X260,PLX260,,IN,Gangapur,"Near Reliance Petrol Pump, Gan",322201.0,322201,Gangapur,MFCD,Rajasthan
189,X261,X261 - SHREE MOTORS,X261,PLX261,,IN,Narnaul,"Sheonathpura,",123001.0,123001,Narnaul,MFCD,Haryana
190,X262,X262 -  BHAGAT & BHAGAT CAR SE,X262,PLX262,,IN,Araria,"Thana No.- 206, Khata No.-2438",854311.0,854311,Araria,MFCD,Bihar
191,X264,X264 - RAJINDERA MOTORS,X264,PLX264,,IN,Patiala,"Adjoining RK Properties, Road",147001.0,147001,Patiala,MFCD,Punjab
192,X265,X265 - SHUBHAM MOTORS,X265,PLX265,,IN,Barmer,Opp. Veerprabhu Marketing,344001.0,344001,Barmer,MFCD,Rajasthan
193,X266,X266 - M.S. MOTORS,X266,PLX266,,IN,Phalodi,"Khasra No. 71/1,Shri Mohan Fil",342301.0,342301,Phalodi,MFCD,Rajasthan
194,X267,X267 - VISHWAKARMA AUTOMOBILE,X267,PLX267,,IN,Nagda,(a unit of vishwakarma threshe,456335.0,456335,Nagda,MFCD,Madhya Pradesh
195,X269,X269 - VENUS MOTORS SERVICES,X269,PLX269,,IN,Kakinara,"Kankinara, Panpur,",743126.0,743126,Kolkata,MFCD,West Bengal
196,X270,X270 - MONDAL MOTORS,X270,PLX270,,IN,Berhampur,"Jalangi Road, Banjetia,",742102.0,742102,Berhampur,MFCD,West Bengal
197,X271,X271 - SHYAMDEB AUTOMOBILES,X271,PLX271,,IN,Midnapore,"J.L No - 163, Khatian No-599,",721102.0,721102,Midnapore,MFCD,West Bengal
198,X276,X276 - MANTRI MOTORS,X276,PLX276,,IN,Indore,"Survey No. 304/1/4,",452012.0,452012,Indore,MFCC,Madhya Pradesh
199,X277,X277 - BRISTI AUTOMOBILES,X277,PLX277,,IN,Jalpaiguri,"Ghasi Para, Paharpur,",735121.0,735121,Jalpaiguri,MFCD,West Bengal
200,X278,X278 - PHULEKAR AUTOMOTIVES,X278,PLX278,,IN,Bidar,"No. 19-4-200/1, NH-218,",585402.0,585402,Bidar,MFCD,Karnataka
201,X279,X279 - J B CAR CARE,X279,PLX279,,IN,Surat,"Plot No. 45.T.P, Opp P.R. Khat",395007.0,395007,Surat,,Gujarat
202,X281,X281 - EVERGREEN CAR CARE,X281,PLX281,,IN,Sujangarh,"H1,41-43 Industrial",331507.0,331507,Sujangarh,MFCD,Rajasthan
203,X283,X283 - SRI HANUMAM AUTOMOTIVES,X283,PLX283,,IN,Nandyal,"SY.No - 446/1, Near Pradhamana",518502.0,518502,Nandyal,MFCD,Andhra Pradesh
204,X285,X285 - SWAMI NARAYAN AUTOMOBIL,X285,PLX285,,IN,Bhinmal,"Khasra No 1882, Junjani Road,",343029.0,343029,Bhinmal,MFCD,Rajasthan
205,X286,X286 - M/S MAHALAKSHMI MOTORS,X286,PLX286,,IN,Gaya,"Gaya Dobhi Road, Near Industri",823004.0,823004,Gaya,MFCD,Bihar
206,X287,X287 - MATRIX AUTOMOBILES,X287,PLX287,,IN,Lucknow,"B-36,  Sector - O,",226024.0,226024,Lucknow,MFCC,Uttar Pradesh
207,X289,X289 - A.S.UNIVERSAL PVT. LTD.,X289,PLX289,,IN,Dhaka,"Raxa Chowk, Ghorasahan Road,",845418.0,845418,Dhaka,MFCD,Bihar
208,X291,X291 - R & R MOTORS,X291,PLX291,,IN,Roorkee,Near Entertainment Hub (RR Cin,247667.0,247667,Roorkee,MFCD,Uttarakhand
209,X297,X297 - WAI AUTO WORLD LLP,X297,PLX297,,IN,Wai,"Plot No B-137/138,",412803.0,412803,Wai,MFCD,Maharashtra
210,X298,X298 - SWAMI AUTO SERVICES,X298,PLX298,,IN,Dhule,"Plot No.3, 17A, 17B, Shantusha",424001.0,424001,Dhule,MFCD,Maharashtra
211,X299,X299 - QUADROS MOTORS PVT LTD,X299,PLX299,,IN,Goa,"Plot No. S-65B, Phase Iib, Ver",403722.0,403722,Goa,MFCC,Goa
212,X300,X300 - M/S ECG SERVICES,X300,PLX300,,IN,Gonikoppa,"No. 68/14 A-5, Gonikoppal Main",571213.0,571213,Gonikoppa,MFCD,Karnataka
213,X301,X301 - OMIKU AUTO,X301,PLX301,,IN,Pune,"Plot No-5, Ghat No- 1343/A2, G",412207.0,412207,Pune,MFCD,Maharashtra
214,X302,X302 -  SAGAR ENTERPRISES,X302,PLX302,,IN,Ranchi,"Khata-383, Plot No-718, Thana",834001.0,834001,Ranchi,MFCC,Jharkhand
215,X306,X306 - SRS MOTO CORP,X306,PLX306,,IN,Varanasi,"SH. 15/182 , Bharli,",221003.0,221003,Varanasi,MFCD,Uttar Pradesh
216,X307,X307 - SURE SERVICE STATION,X307,PLX307,,IN,Pilukhedi,"Plot No-2, MPAKVN Industrial A",465667.0,465667,Pilukhedi,MFCD,Madhya Pradesh
217,X308,X308 - SHRI RAM CAR SERVICES,X308,PLX308,,IN,Dhanbad,"Hirak Road, Near",828109.0,828109,Dhanbad,MFCC,Jharkhand
218,X310,X310 -  RAM KRISHNA MOTOCORP,X310,PLX310,,IN,Bhopal,Plot No-44 Infront of Internat,462038.0,462038,Bhopal,MFCC,Madhya Pradesh
219,X311,X311 - MANGALAM VATIKA AUTOMOB,X311,PLX311,,IN,Jamshedpur,"Main Road Gamharia, Near Usha",832108.0,832108,Jamshedpur,MFCD,Jharkhand
220,X312,X312 - SHRADDHA MOTORS,X312,PLX312,,IN,Barshi,"Gut No-40, Barshi-Kurduwadi Ro",413401.0,413401,Solapur,MFCD,Maharashtra
221,X313,X313 - KLING CARS,X313,PLX313,,IN,Jamshedpur,"Khata No 154, Plot No-299 (a),",831018.0,831018,Jamshedpur,MFCD,Jharkhand
222,X316,X316 - K & S AUTO,X316,PLX316,,IN,Alwar,"200 FT Road, Near",301001.0,301001,Alwar,MFCD,Rajasthan
223,X317,X317 - DAILA MOTORS,X317,PLX317,,IN,Chirawa,"Khasra No. 159, Daila Motors,",333026.0,333026,Chirawa,MFCD,Rajasthan
224,X318,X318 - RAJ MOTORS,X318,PLX318,,IN,Nawalgarh,"Khasra No. 641/56,",333052.0,333052,Nawalgarh,MFCD,Rajasthan
225,X319,X319 - SANJIB AUTOMOBILE,X319,PLX319,,IN,Jorhat,"Plot No - 572, Land-3 Kothas,",785010.0,785010,Jorhat,MFCD,Assam
226,X320,X320 - BARUAH AUTOMOBILE CENTR,X320,PLX320,,IN,Mangaldoi,"NH-52, Block Chowk,",784125.0,784125,Mangaldoi,MFCD,Assam
227,X321,X321 - MAA SUDHA AUTOMOTIVES,X321,PLX321,,IN,Biharshariff,"Khesra No. - 2326, Khata No.33",803114.0,803114,Biharshariff,MFCD,Bihar
228,X322,X322 - SINGH BROTHERS AUTOMOBI,X322,PLX322,,IN,Jharsuguda,"Budhipadar , H-Kantapali,",768203.0,768203,Jharsuguda,MFCD,Odisha
229,X324,X324 -  NANDHA MOTORS,X324,PLX324,,IN,Udumalpet,"Sf. No.  199/2A, Udumalai Pala",642203.0,642203,Udumalpet,MFCD,Tamil Nadu
230,X326,X326 - VAHAN CARE,X326,PLX326,,IN,Puducherry,"No : 148/54, ECR Main Road, Ko",605008.0,605008,Lawspet,MFCD,Puducherry
231,X327,X327 - B H MOTORS PRIVATE LIMI,X327,PLX327,,IN,Vadodara,"Opp. Sai Sarjan Society, B/H N",390012.0,390012,Vadodara,MFCC,Gujarat
232,X328,X328 - PRAMUKH AUTO,X328,PLX328,,IN,Mehsana,"50,51,52, Mehsana Gidc,",384002.0,384002,Mehsana,MFCD,Gujarat
233,X329,X329 - SMILE NEW,X329,PLX329,,IN,Kalol,"Nr. S.T. Workshop, Opp. Aadhar",382721.0,382721,Kalol,MFCD,Gujarat
234,X330,X330 - SK CARS,X330,PLX330,,IN,Thiruverumbur,"60/4A1B, Agaram Village, Singa",620013.0,620019,Trichy,MFCD,Tamil Nadu
235,X331,X331 - NEXSTEP AUTO CARE,X331,PLX331,,IN,Coimbatore,"10, Subaiya Naidu thottam, Sub",641039.0,641039,Coimbatore,MFCD,Tamil Nadu
236,X332,X332 - KAINIKKARA MOTORS,X332,PLX332,,IN,Kotayyam,"NP/XI/216D , Nattakkom,",686013.0,689653,Kotayyam,MFCD,Kerala
237,X333,X333 - VIDVAN MOTORS,X333,PLX333,,IN,Karimnagar,"H.No 8-6-307/1,",505001.0,505001,Karimnagar,MFCD,Telangana
238,X334,X334 - TOP AUTOMOBILES,X334,PLX334,,IN,Chittorgarh,"Ochari Chouraha,",312001.0,312001,Chittorgarh,MFCD,Rajasthan
239,X335,X335 - K.K. BUSINESS GROUP,X335,PLX335,,IN,Faizabad,"94, Ghatampur,",224001.0,224001,Faizabad,MFCD,Uttar Pradesh
240,X339,X339 - OSL AUTOCAR PRIVATE LIM,X339,PLX339,,IN,Sambalpur,"Plot no. - 135,",768006.0,768006,Sambalpur,MFCD,Odisha
241,X341,X341 - KUMAWAT DIESEL SERVICE,X341,PLX341,,IN,Kotputli,"Mohalla - Bada Bas,Bansur Road",303108.0,303108,Kotputli,MFCD,Rajasthan
242,X342,X342 - PADMAVATI CAR CARE,X342,PLX342,,IN,Dungarpur,"Near Private Bus Stand,",314001.0,314001,Dungarpur,MFCD,Rajasthan
243,X343,X343 - SINGHAL MOTORS,X343,PLX343,,IN,Jaipur,"G-198A, RIICO Indutrial Area,",302020.0,302020,Jaipur,MFCC,Rajasthan
244,X344,X344 - CL MOTORS,X344,PLX344,,IN,Shri Dungargarh,"Near Sikahwal Upvan Hotel, Jai",331803.0,331803,Sridungargarh,MFCD,Rajasthan
245,X347,X347 - HONEST MOTORS,X347,PLX347,,IN,Vyara,"Survey No 61 paiki 5, Opp. H.P",394650.0,394650,Vyara,MFCD,Gujarat
246,X349,X349 - ADITRI SERVICE,X349,PLX349,,IN,Silchar,"Chirukandi Road, Ramnagar,",788003.0,788003,Silchar,MFCD,Assam
247,X350,X350 - B.H.MOTORS PRIVATE LIMI,X350,PLX350,,IN,Vadodara,"Plot No. 107, Chhani Road,",390002.0,390002,Vadodara,MFCC,Gujarat
248,X351,X351 -  MEDHA ENTERPRISES,X351,PLX351,,IN,Deoghar,"Plot No. 586,578, Moja. 409, K",814143.0,814143,Deoghar,MFCD,Jharkhand
249,X353,X353 - RAHUL MOTORS,X353,PLX353,,IN,Siddipet,"SY No 973, Rangadam Pally Vill",502103.0,502103,Siddipet Mandal,MFCD,Telangana
250,X357,X357 - RAJ AUTOMOBILES,X357,PLX357,,IN,Mughalsarai,"Mughalsarai-Chakiya Road,",232101.0,232101,Mughalsarai,MFCD,Uttar Pradesh
251,X359,X359 - STAR AUTOMOBILES,X359,PLX359,,IN,Serampur,Holding / Premises No. 368/A/4,712223.0,712223,Srirampur,MFCD,West Bengal
252,X360,X360 - RAJ CARS,X360,PLX360,,IN,Pipariya,"P H No 20, KH No 181/7,",461775.0,461775,Pipariya,MFCD,Madhya Pradesh
253,X361,X361 -  BATOHI MOTORS,X361,PLX361,,IN,Raebareli,"Plot No. 1401, Vill.Ahmadpur N",229001.0,229001,Raebareli,MFCD,Uttar Pradesh
254,X363,X363 - ISHAN MOTORS,X363,PLX363,,IN,Giridih,"Near Bharat Petrol Pump,",815301.0,815301,Giridih,MFCD,Jharkhand
255,X364,X364 - JUST DRIVE,X364,PLX364,,IN,Rourkela,"B-11, IDCo",770031.0,770031,Rourkela,MFCD,Odisha
256,X366,X366 -  R S AUTOMOBILES,X366,PLX366,,IN,Jajpur,"At- Military Chawk, Danagadi,",755026.0,755026,Jajpur,MFCD,Odisha
257,X367,X367 - PKS AUTOMOBILE,X367,PLX367,,IN,Cuttack,"Plot No- 154, Khata No 315,",753004.0,753004,Cuttack,MFCC,Odisha
258,X368,X368 - MEHRIYA AUTOMOBILES,X368,PLX368,,IN,Jodhpur,"Plot no -  34, 35, 36, 37, Nea",342011.0,342011,Jodhpur,MFCD,Rajasthan
259,X372,X372 - SUBHDEB AUTOMOBILE,X372,PLX372,,IN,Imphal,"94, Langjing Achouba,",795113.0,795113,Imphal,MFCD,Manipur
260,X374,X374 - S.K.S. AUTOMOBILES,X374,PLX374,,IN,Mainpuri,"Mainpuri Dehaat, Gata No 90 &",205001.0,205001,Mainpuri,MFCD,Uttar Pradesh
261,X378,X378 - S.S AUTO WORLD,X378,PLX378,,IN,Kendrapara,"Khata No -351/65 , NH - 5A,",754250.0,754250,Kendrapara,MFCD,Odisha
262,X380,X380 - A2Z AUTOWORLD,X380,PLX380,,IN,Meerut,"NH-58, Khasra no - 463,",250103.0,250103,Meerut,MFCD,Uttar Pradesh
263,X381,X381 - M/S SETHI ENTERPRISES,X381,PLX381,,IN,Amritsar,"16, Court Road, Near Ravi",143001.0,143001,Amritsar,MFCC,Punjab
264,X384,X384 - KOORI MOTORS,X384,PLX384,,IN,Ramanathapuram,"Door no - 11/3402-2, ECR Road,",623503.0,623503,Ramanathapuram,MFCD,Tamil Nadu
265,X385,X385 - GB MOTOCORP,X385,PLX385,,IN,Shahdol,"Khasra No- 253, Hari Kishan Ag",484001.0,484001,Shahdol,MFCD,Madhya Pradesh
266,X386,X386 - VINAYAKA MOTORS,X386,PLX386,,IN,Nizamabad,"S.y.No. 3/AA, Beside TATA Jasp",503230.0,503230,Nizamabad,MFCD,Telangana
267,X387,X387 - GUPTA AUTOMOBILES,X387,PLX387,,IN,Angul,"Panch Mahala Chhak,",759132.0,759132,Angul,MFCD,Odisha
268,X389,X389 - K D MOTORS,X389,PLX389,,IN,Fatehpur,"C/o Hotel Anokhi Huts,",332301.0,332301,Fatehpur,MFCD,Rajasthan
269,X390,X390 - GOUR WHEEL CARE,X390,PLX390,,IN,Lalitpur,"6395/06, , Kailguan Road,",284403.0,284403,Lalitpur,MFCD,Uttar Pradesh
270,X391,X391 - RANA MOTORS,X391,PLX391,,IN,Nanded,"Gut No 6, Kamtha By-Pass Road,",431605.0,431605,Nanded,MFCD,Maharashtra
271,X392,X392 - AUTOMOBIA INDIA,X392,PLX392,,IN,Panchkula,"Plot No 297, Industrial Area,",134109.0,134109,Panchkula,MFCC,Haryana
272,X393,X393 - PARMAR AUTOMOBILES,X393,PLX393,,IN,Motihari,"NH-28, Bankat Bariyarpur, Opp.",845401.0,845401,Motihari,MFCD,Bihar
273,X397,X397 -  DHARTI AUTO,X397,PLX397,,IN,Nadiad,"Plot No 9, Survey No 2916-A, O",387001.0,387001,Nadiad,MFCD,Gujarat
274,X398,X398 - UNIVERSAL AUTOFUSION PV,X398,PLX398,,IN,Bhavnagar,"Plot No 301/8, Vartej GIDC Ind",364060.0,364060,Bhavnagar,MFCD,Gujarat
275,X399,X399 - JAIN AUTOMOBILES,X399,PLX399,,IN,Chandikhole,"Plot No. 236/393, At - Chandik",754296.0,754296,Chandikhole,MFCD,Odisha
276,X400,X400 -  VARDHAMAN FABRICATIONS,X400,PLX400,,IN,Mohali,"Plot no 1054, Sector 82, Janta",160055.0,160055,Mohali,MFCD,Punjab
277,X401,X401 - SAI AUTO SERVICES,X401,PLX401,,IN,Vapi,"Survey No. 315/3, Plot No. 05,",396191.0,396191,Vapi,MFCD,Gujarat
278,X402,X402 - EMRP AUTOMOBILES,X402,PLX402,,IN,Balasore,"D1/1,2 & D2/7,",756001.0,756001,Balasore,MFCD,Odisha
279,X403,X403 - S V MOTORS,X403,PLX403,,IN,Kanpur,"Plot no - 57 A/1/2, factory Ar",208002.0,208002,Kanpur,MFCC,Uttar Pradesh
280,X404,X404 -  FRIENDS AUTOMOBILE SER,X404,PLX404,,IN,Dewa,"Khasra No 1168/1169, Village S",225301.0,225301,Dewa,MFCD,Uttar Pradesh
281,X405,X405 - NANGAN MOTORS PVT. LTD.,X405,PLX405,,IN,Chennai,"Block No 6, Thiru Vi Ka Indust",600032.0,600032,Chennai,MFCA,Tamil Nadu
282,X406,X406 - GAURI AUTOMOBILES,X406,PLX406,,IN,Haridwar,"F-32, Industrial Area,",249407.0,249407,Haridwar,MFCD,Uttarakhand
283,X407,X407 - ABHI CREATION,X407,PLX407,,IN,Ghumarwin,"Village Ballu, P.O. Bhager, Te",174021.0,174021,Ghumarwin,MFCD,Himachal Pradesh
284,X408,X408 - ADRICH AUTOMOTIVE WORKS,X408,PLX408,,IN,South Dumdum,"Plot No. 180, Kheta No. 119, 1",700055.0,700055,South Dumdum,MFCD,West Bengal
285,X409,X409 - GARG MOTORS,X409,PLX409,,IN,Muktsar,"Ballamgarh Road, Opposite Gate",152026.0,152026,Muktsar,MFCD,Punjab
286,X410,X410 -  MALAIYA MOTO CORP,X410,PLX410,,IN,Sagar,"Malaiya Brothers Compound,",470002.0,470002,Sagar,MFCD,Madhya Pradesh
287,X411,X411 - SBM CARS,X411,PLX411,,IN,Trivandrum,"AP/XII-512 NH47, Vettu Rd. JN.",695301.0,695301,Trivandrum,MFCC,Kerala
288,X413,X413 - SARVAJEET MOTORS,X413,PLX413,,IN,Ballia,"Mishra Neori,",277001.0,277001,Ballia,MFCD,Uttar Pradesh
289,X414,X414 - SMART AUTOMOBILES,X414,PLX414,,IN,Bhatinda,"D-18, New Focal Point,",151001.0,151001,Bhatinda,MFCD,Punjab
290,X416,X416 - SHRI KRISHNA AUTOMOBILE,X416,PLX416,,IN,Behror,Delhi - Jaipur,301701.0,301701,Behror,MFCD,Rajasthan
291,X417,X417 - SHREE KRISHNA AUTOMOBIL,X417,PLX417,,IN,Singhana,"Plot No. G-48, RIICO Industria",301705.0,301705,Singhana,MFCD,Rajasthan
292,X418,X418 - BHARDWAJ ENGICON LTD,X418,PLX418,,IN,Muzaffarpur,"Hari Narayan Auto Campus,",842003.0,842003,Muzaffarpur,MFCA,Bihar
293,X419,X419 - SHIV MOTORS,X419,PLX419,,IN,Gadarwara,"536/2, 537/2, Niranjan Ward, C",487551.0,487551,Gadarwara,MFCD,Madhya Pradesh
294,X421,X421 - JAIPUR AUTOMOBILES,X421,PLX421,,IN,Jaipur,"Plot No. 20, Pitambar Nagar Ex",302020.0,302020,Jaipur,MFCC,Rajasthan
295,X423,X423 - RAABSA AUTO CARE,X423,PLX423,,IN,Anantnag,"Khasra No 198/2, Raasba Autoca",192101.0,192101,Anantnag,MFCD,Jammu and Kashmir
296,X424,X424 - SRIVAS ENTERPRISES,X424,PLX424,,IN,Ghaziabad,"Plot no. B-9, Industrial Area,",201001.0,201001,Ghaziabad,MFCA,Uttar Pradesh
297,X426,X426 - MAA ARYA GARHWA MOTOR P,X426,PLX426,,IN,Garhwa,"Plot No. 1328, Khata No. 214,",822114.0,822114,Garhwa,MFCD,Jharkhand
298,X428,X428 - CARMATE AUTO SERVICE,X428,PLX428,,IN,Vijayawada,"RS No 182/6, Gottipati Vari St",521108.0,521108,Vijayawada,MFCC,Andhra Pradesh
299,X429,X429 - SURBHI MOTORS,X429,PLX429,,IN,Behala,"7, HO-CHI-Minh,",700061.0,700061,Behala,MFCD,West Bengal
300,X431,X431 - AMIT MOTORS,X431,PLX431,,IN,Hisar,"Khasra no. 167, OP jindal Marg",125001.0,125001,Hisar,MFCD,Haryana
301,X432,X432 - HARSH AUTOMOBILES,X432,PLX432,,IN,Bazpur,"Mohalla Idgah, Nainital Road,",262401.0,262401,Bazpur,MFCD,Uttarakhand
302,X433,X433 - K H AUTOMOBILES,X433,PLX433,,IN,Madeenaguda,"Plot No. 52 to 62, Survey No.",500050.0,500050,Hyderabad,MFCD,Telangana
303,X434,X434 - NETRAVATI MOTORS,X434,PLX434,,IN,Mudhol,"KSSIDC, Plot No.Sp16 & Sp17,",587313.0,587313,Mudhol,MFCD,Karnataka
304,X435,X435 - PAHWA AUTOMOTIVE,X435,PLX435,,IN,Indore,Pahwa  Business Park,453771.0,453771,Indore,MFCC,Madhya Pradesh
305,X436,X436 -  KAVERI MOTORS,X436,PLX436,,IN,Mumbai,"Plot No 711, Opp Kora Kendra G",400092.0,400092,Mumbai,MFCA,Maharashtra
306,X437,X437 - RAHUL AUTO SERVICES PVT,X437,PLX437,,IN,Pune,"Survey - 246/6(N), 246/3/7(O)",411057.0,411057,Pune-Hinjewadi,MFCD,Maharashtra
307,X439,X439 - ORIENTAL MOTORS,X439,PLX439,,IN,Jabalpur,"497, Katangi Road,",482002.0,482002,Jabalpur,MFCD,Madhya Pradesh
308,X440,X440 - SANSKAR MOTORS,X440,PLX440,,IN,Sakti,"Near Beriwali Mandir,",495689.0,495689,Sakti,MFCD,Chhattisgarh
309,X443,X443 - ADVANCE AUTO CARE,X443,PLX443,,IN,Visnagar,"Block No D, Nr. Uma Petrol Pum",384315.0,384315,Visnagar,MFCD,Gujarat
310,X444,X444 - SAI AUTO SERVICE,X444,PLX444,,IN,Palse Shinde,"Nashik Pune Highway,",422102.0,422102,Nashik,MFCD,Maharashtra
311,X445,X445 - BIDYUT SHILPA LTD,X445,PLX445,,IN,Kolkata,107/1A Tollygunge,700026.0,700026,Kolkata,MFCB,West Bengal
312,X447,X447 - VIKASH MOTORS,X447,PLX447,,IN,Mahendragarh,"Khaiwat No 187, Khatoni No. 21",123029.0,123029,Mahendragarh,MFCD,Haryana
313,X449,X449 - JAIN INDUSTRIES,X449,PLX449,,IN,Rajnandgoan,"28 Industrial Area,",491441.0,491441,Rajnandgoan,MFCD,Chhattisgarh
314,X450,X450 - AMBICA CAR CARE,X450,PLX450,,IN,Baripada,"Plot No 801/2066/4772,",757001.0,757001,Baripada,MFCD,Odisha
315,X452,X452 - NEEMRANA MOTORS COMPANY,X452,PLX452,,IN,Neemrana,"G-48,RIICO Industrial Area, Ne",301705.0,301705,Rajgarh,MFCD,Rajasthan
316,X453,X453 - WADHWA MOTORS,X453,PLX453,,IN,Agra,"Khasra No. 15, 80ft. Road, Nea",282001.0,282001,Agra,MFCD,Uttar Pradesh
317,X454,X454 - I. A. AUTOMOBILE,X454,PLX454,,IN,Kelwa,"Plot no 450, Near Reliance Pet",313324.0,313324,Kelwa,MFCD,Rajasthan
318,X456,X456 - VAIGAI CAR POINT,X456,PLX456,,IN,Attur,"380/3, Opp to Green Park Schoo",636108.0,636108,Attur,MFCD,Tamil Nadu
319,X457,X457 - SR MOTORS,X457,PLX457,,IN,Bhilwara,"Plot No E-  15,Madhav Nagar",311011.0,311011,Bhilwara,MFCD,Rajasthan
320,X458,X458 - SAIRAM AUTOMOBILES,X458,PLX458,,IN,Nellore,"E9 & E10, Industrial Estate,",524004.0,524004,Nellore,MFCD,Andhra Pradesh
321,X459,X459 - MPM MOTORS,X459,PLX459,,IN,Sri Ganganagar,"Mahalaxmi Enclave, Plot No 177",335001.0,335001,Sri Ganganagar,MFCD,Rajasthan
322,X460,X460 - MARUDHAR MOTORS,X460,PLX460,,IN,Ratangarh,"Khasra Number - 348, In front",331022.0,331022,Ratangarh,MFCD,Rajasthan
323,X463,X463 - M/S. BALAJI MOTORS,X463,PLX463,,IN,Neem Ka Thana,"Khasra No. 891,",332713.0,332713,Neem Ka Thana,MFCD,Rajasthan
324,X464,X464 - J & S MOTORRS,X464,PLX464,,IN,Chikkaballapur,"10th Ward, 3rd Division,",562110.0,562110,Devanahalli,MFCD,Karnataka
325,X468,X468 - JAYANSH ADARSH MOTORS A,X468,PLX468,,IN,Patna,"Nandlal Chhapra, Nh-30, New By",800020.0,800020,Patna,MFCC,Bihar
326,X472,X472 - FUTURE AUTOMOBILES,X472,PLX472,,IN,Bhiwani,"Khasra No. 232/21/2, Hisar-Jin",127021.0,127021,Bhiwani,MFCC,Haryana
327,X473,X473 - DURGA TRAVELS,X473,PLX473,,IN,Daltonganj,"Plot No. 2614, Durga Petrol Pu",822101.0,822101,Daltonganj,MFCB,Jharkhand
328,X474,X474 - SHIVA WHEELERS,X474,PLX474,,IN,Allahabad,"C/O Smt Vimla Shukla, 34/3 Ada",211011.0,211011,Allahabad,MFCD,Uttar Pradesh
329,X475,X475 - M/S. NEW MAA DURGA ENTE,X475,PLX475,,IN,Sitamarhi,"Khata No 317, Survey No 5819,",843302.0,843302,Sitamarhi,MFCB,Bihar
330,X478,X478 - TOP AUTOMOBILES,X478,PLX478,,IN,Nimbahera,"Plot No 1, Shree Ashok Vihar,",312601.0,312601,Nimbahera,MFCD,Rajasthan
331,X481,X481 - TIRUPATI AUTOMOTIVE,X481,PLX481,,IN,Kolkata,"13 Matheswartalla Road,",700046.0,700046,Kolkata,MFCD,West Bengal
332,X483,X483 - S SQUARE AUTOMOTIVES,X483,PLX483,,IN,Davangere,2007/37/ Near Bapuji Institute,577004.0,577004,Davangere,MFCD,Karnataka
333,X487,X487 - BFS ENTERPRISES,X487,PLX487,,IN,Anandpur Sahib,"Plot No 178,",140123.0,140123,Anandpur Sahib,MFCD,Punjab
334,X490,X490 - SHRI BALAJI MOTORS,X490,PLX490,,IN,Akbarpur- Kanpur Dehat,"NH-2, Akbarpur-Kanpur Dehat,",209101.0,209101,Akbarpur,MFCD,Uttar Pradesh
335,X491,X491 - OM VIHAR BUILDCOM PVT L,X491,PLX491,,IN,Ranchi,"Plot No. - 718, Tapudana Chowk",843003.0,834003,Ranchi,MFCC,Jharkhand
336,X492,X492 - VBHAVARA CARS-Z,X492,PLX492,,IN,Hosur,"12, Battallapalli Market, 2nd",635109.0,635109,Hosur,MFCD,Tamil Nadu
337,X494,X494 - DECENT AUTOMOBILE,X494,PLX494,,IN,Purnia,"Khata No - 35, Khesra No - 113",854301.0,854301,Purnia,MFCB,Bihar
338,X498,x498 - DSM MULTI CAR SERVICES,X498,PLX498,,IN,Palghar,"1624, Shakti Udyog,",401404.0,401404,Palghar,MFCD,Maharashtra
339,X500,X500 - KARTHIKEYA AUTOMOTIVES,X500,PLX500,,IN,Warangal,"1-7-914, Hunter Road, Adjacent",506001.0,506001,Warangal,MFCD,Telangana
340,X501,X501 - SHRI HPS AUTOMOBILE,X501,PLX501,,IN,Churu,"Khasra No-237/1122, Nr. Amar S",331001.0,331001,Churu,MFCB,Rajasthan
341,X502,X502 - RISING AUTO,X502,PLX502,,IN,Bhiwadi,"Plot No 361, Alwar Bypass Road",301019.0,301019,Bhiwadi,MFCD,Rajasthan
342,X504,X504 - PUSHPAVNI MOTORS,X504,PLX504,,IN,Mathura,"105, 107, 109, 110, 114, 115,",281005.0,281005,Mathura,MFCD,Uttar Pradesh
343,X506,X506 - SHIV MOTORS,X506,PLX506,,IN,Kumbakonam,"No. 370/3, Chennai Salai,",612501.0,612501,Kumbakonam,MFCD,Tamil Nadu
344,X507,X507 - VIAN ENTERPRISE,X507,PLX507,,IN,Dimapur,"East Burha Camp,",797112.0,797112,Dimapur,MFCB,Nagaland
345,X508,X508 - SATELLITE MOTORS,X508,PLX508,,IN,Thane,"Warehouse No 1/B, Kothari Comp",400604.0,400604,Thane(W),MFCA,Maharashtra
346,X511,X511 - PLATINUM MOTORS,X511,PLX511,,IN,Jamnagar,"C-17B/18, M.P. Shah Municipal",361008.0,361008,Jamnagar,MFCD,Gujarat
347,X514,X514 - DEEP AUTOMOBILES,X514,PLX514,,IN,Aurangabad,"Near Bus Stand, Ramabandh,",824110.0,824101,Aurangabad,MFCD,Bihar
348,X515,X515 - UNITED SERVICES,X515,PLX515,,IN,Kangra,"Khasra No 499, 502, 512, 513,",176001.0,176001,Kangra,MFCD,Himachal Pradesh
349,X517,X517 - M/S INDORE AUTO TECHNOC,X517,PLX517,,IN,Dhar,"Indore - Ahmedabad Road, Opp.",454001.0,454001,Dhar,MFCD,Madhya Pradesh
350,X521,X521 - SHARDA ASSOCIATES,X521,PLX521,,IN,Sultanpur,"Plot No. 78, Khata No. 1735,",228001.0,228001,Sultanpur,MFCB,Uttar Pradesh
351,X522,X522 - RAMPUR AUTOMOTIVES,X522,PLX522,,IN,Bhagalkote,"Plot No. P3, Industrial area,",587102.0,587102,Bhagalkote,MFCB,Karnataka
352,X523,X523 - RS MOTORS,X523,PLX523,,IN,Pratapgarh,"Khasra  No. 808, 803-Chittoega",312605.0,312605,Pratapgarh,MFCD,Rajasthan
353,X524,X524 - REET SERVICES,X524,PLX524,,IN,Parbhani,"Behind SBH, Plot No 13, Ward N",431401.0,431401,Parbhani,MFCD,Maharashtra
354,X526,X526 - ADISHAKTI MOTORS,X526,PLX526,,IN,Haveri,"32/2A Ijarilakmapura, Opp Ayur",581110.0,581110,Haveri,MFCD,Karnataka
355,X527,X527 - SYNERGY MOTORS,X527,PLX527,,IN,Kolkata,"4314, 4316, 4317, 4318,",700136.0,700136,Kolkata,MFCD,West Bengal
356,X529,X529 - CHOUDHARY AUTOMOBILES,X529,PLX529,,IN,Rajgarh,"Near BSNL Exchange, Hissar Roa",331023.0,331023,Rajgarh,MFCB,Rajasthan
357,X530,X530 - KAMAL AUTOMOTIVES,X530,PLX530,,IN,Dholpur,"Khasra No-610, Near Machkund C",328001.0,328001,Dholpur,MFCD,Rajasthan
358,X531,X531 - DHAKA MOTORS,X531,PLX531,,IN,Deedwana,"Khasra No 226, Rahman Gate,",341303.0,341303,Deedwana,MFCD,Rajasthan
359,X537,X537 - KOMMA AUTO GARAGE,X537,PLX537,,IN,Kadapa,"Survy No 286, Vinayaka Nagar,",516002.0,516002,Kadapa,MFCB,Andhra Pradesh
360,X538,X538 - MAHALAXMI SERVICES,X538,PLX538,,IN,Chikodi,"R.S. No 398/1A, Next to KLE Po",591201.0,591201,Chikodi,MFCB,Karnataka
361,X539,X539 - M/S. SHARDA AUTOLINKS,X539,PLX539,,IN,Modinagar,"Khasra No - 315, Shikhar Marbl",201204.0,201204,Modinagar,MFCD,Uttar Pradesh
362,X542,X542 - M/S IDEA WEAVERS,X542,PLX542,,IN,Guwahati,"Dag No: 39, K.P. Patta No. 191",781022.0,781022,Guwahati,MFCC,Assam
363,X545,X545 - TAJ MOTORS,X545,PLX545,,IN,Sangaria,"Plot Number B/72-73, Opposite",335063.0,335063,Sangaria,MFCD,Rajasthan
364,X548,X548 - SRI BALAJI AUTOMOTIVES,X548,PLX548,,IN,Hayathnagar,"Plot no 123, Lecturers Colony,",501505.0,501505,Hayathnagar,MFCB,Telangana
365,X549,X549 - G.M.MOTORS,X549,PLX549,,IN,Madhepura,"Khata No 90, Khesra No 894, Th",852128.0,852128,Madhepura,MFCD,Bihar
366,X551,X551 - KAPRO SERVICES,X551,PLX551,,IN,Anand,"Anand - Sojitra Road,",388001.0,388001,Anand,MFCD,Gujarat
367,X554,X554 - MANGALAM MOTORS,X554,PLX554,,IN,Harda,"Near Sai Mandir,",461331.0,461331,Harda,MFCD,Madhya Pradesh
368,X555,X555 - OM SAI CAR CARE,X555,PLX555,,IN,Gadag,"Classic Building, Ll Building,",582101.0,582101,Gadag,MFCD,Karnataka
369,X557,X557 - RAJ AUTOMOBILES,X557,PLX557,,IN,Khatauli,"Khasra No 126, 127, 130, Jansa",251201.0,251201,Khatauli,MFCB,Uttar Pradesh
370,X563,X563 - SYSTEM CARE AUTOMOBILE,X563,PLX563,,IN,Morena,"Near Toll Plaza,",476001.0,476001,Morena,MFCD,Madhya Pradesh
371,X564,X564 - RAMPA VEHICLEZ,X564,PLX564,,IN,Hoshiarpur,"Bus Stand Road,",146001.0,146001,Hoshiarpur,MFCD,Punjab
372,X565,X565 - SANGHA'S MOTOCRAFT,X565,PLX565,,IN,Mohali,"Plot No. 586, Industrial Area,",160062.0,160062,Mohali,MFCC,Punjab
373,X568,X568 - MY CAR SERVICES,X568,PLX568,,IN,Bharatpur,"F-65, Brij Industrial Area,",321001.0,321001,Bharatpur,MFCD,Rajasthan
374,X569,X569 - ARADYA CARS,X569,PLX569,,IN,Tiptur,Grama Panchayath Katha No.166/,572114.0,572114,Tiptur,MFCB,Karnataka
375,X572,X572 - JMD MOTORS,X572,PLX572,,IN,Palwal,"64/7, Village Kushlipur,",121102.0,121102,Palwal,MFCD,Haryana
376,X575,X575 - APEX MOTORS,X575,PLX575,,IN,Surat,"Plot. No. 45, Tp, Opp P.R Khat",395007.0,395007,Surat,MFCD,Gujarat
377,X576,X576 - MITTAL AUTOMOBILES,X576,PLX576,,IN,Koderma,"Plot No 7347, Near Gayatri Man",825409.0,825409,Koderma,MFCD,Jharkhand
378,X577,X577 - SHIVA AUTOMOTIVES,X577,PLX577,,IN,Tandur,"Survey No 1/E, Kodangal Road,",501141.0,501141,Tandur,MFCD,Telangana
379,X580,X580 - J. P. DISTRIBUTOR,X580,PLX580,,IN,Sitapur,"67A, Station",261001.0,261001,Sitapur,MFCD,Uttar Pradesh
380,X581,X581 - NIRMESH AUTOMOBILES,X581,PLX581,,IN,Faridabad,"Plot No. 967, Khewat No. 19/17",121006.0,121006,Faridabad,MFCC,Haryana
381,X582,X582 - PATWALA MOTOCORP,X582,PLX582,,IN,Jhansi,"B-04 & 8-05, Growth Centre, Ph",284135.0,284135,Jhansi,MFCB,Uttar Pradesh
382,X585,X585 - LB AUTOMOBILES,X585,PLX585,,IN,Bhilwara,"Khasra No.17, 18 & 19, Mandpiy",311001.0,311001,Bhilwara,MFCD,Rajasthan
383,X586,X586 - SHRI KRISHNA SERVICE,X586,PLX586,,IN,Digboi,"158, Golai No 2, Near Namghar,",786171.0,786171,Digboi,MFCD,Assam
384,X588,X588 - DEGH INFRATECH CONTRACT,X588,PLX588,,IN,Jammu,"Nh- 1 National Highway,",180001.0,180010,Jammu,MFCC,Jammu and Kashmir
385,X591,X591 - JAISWAL AUTOMOTIVE,X591,PLX591,,IN,Balaghat,"Khasra No. 159/2/2, 159/4/2, 1",481001.0,481001,Balaghat,MFCD,Madhya Pradesh
386,X593,X593 - RSSG ENTERPRISES,X593,PLX593,,IN,Begusarai,"NH-31, Keshawe Begusarai",851134.0,851134,Begusarai,MFCD,Bihar
387,X594,X594 - NAMAN AUTOWORLD,X594,PLX594,,IN,Hathoj,"Plot No. 13-20, Rudraksh Marke",302012.0,302012,Hathoj,MFCB,Rajasthan
388,X595,X595 - ALI MOTORS LLP,X595,PLX595,,IN,Marol,"Plot No 36, Lalji Brothers Com",400059.0,400059,Mumbai,MFCA,Maharashtra
389,X597,X597 - VENTURE AUTO,X597,PLX597,,IN,Ranchi,"Opp of IICM, Near Hindustani D",834006.0,834006,Ranchi,MFCC,Jharkhand
390,X600,X600 - M/S PRANAP AUTOMOBILE,X600,PLX600,,IN,Imphal,Patta No. 191 ( New) Dag No. 1,795113.0,795113,Imphal,MFCD,Assam
391,X603,X603 - PRABHAT MOTORS,X603,PLX603,,IN,Nangal Chaudhary,"Kotputli Road,",123023.0,123023,Nangal Chaudhary,MFCD,Haryana
392,X604,X604 - M/S CAR WORLD,X604,PLX604,,IN,Amritsar,"125/27 Min, Main Batala Road,",143001.0,143001,Amritsar,MFCD,Punjab
393,X607,X607 - M/S. HONNASSIRI AUTO IN,X607,PLX607,,IN,Bengaluru,"Plot No 98, Industrial Suburb,",560022.0,560022,Bengaluru,,Karnataka
394,X621,X621 - SHREE BALAJI ENTERPRISE,X621,PLX621,,IN,Fatehabad,"Plot No 226/4,",125111.0,125111,Fatehabad,MFCD,Haryana
395,X622,X622 - JAISWAL ENTERPRISES,X622,PLX622,,IN,Faizabad,"Khasra No. 810, Near Raje Cold",224001.0,224001,Faizabad,MFCD,Uttar Pradesh
396,X624,X624 - KRISHNA AUTOMOTIVES,X624,PLX624,,IN,Nagpur,"At Manewada,",440025.0,440025,Nagpur,MFCC,Maharashtra
397,X628,X628 - RANGOLI ENTERPRISES,X628,PLX628,,IN,Hanumangarh,"Satipura Bypass, Hanumnagarh R",335513.0,335513,Hanumnagarh,MFCD,Rajasthan
398,X630,X630 - MAA SHEETLA AUTOCRAFT P,X630,PLX630,,IN,Moradabad,Lakri  Fajalpur Opp. Horizon I,263139.0,263139,Moradabad,MFCD,Uttar Pradesh
399,X631,X631 - M/S ARP AUTOMOBILES,X631,PLX631,,IN,Etah,"Khasra No. 107, Khata No. 0039",207001.0,207001,Etah,MFCD,Uttar Pradesh
400,X633,X633 - V AND V MOTORS PVT.LTD,X633,PLX633,,IN,Mahabubnagar,"Plot 1&3, S.Y 3/A, Chaitanya S",500900.0,500900,Mahabubnagar,MFCD,Telangana
401,X635,X635 - ORANGE SERVICES,X635,PLX635,,IN,Hazaribagh,"Plot No.1822, Khata No.120,",825301.0,825301,Hazaribagh,MFCD,Jharkhand
402,X636,X636 - M/S TIRUPATI AUTOMOBILE,X636,PLX636,,IN,Sirohi,"G-31, Riico Industrial Area, S",307001.0,307001,Sirohi,MFCD,Rajasthan
403,X637,X637 - JD MOTORS,X637,PLX637,,IN,Kurukshetra,"Khasra No. 138, Sunderpur Chow",136118.0,136118,Kurukshetra,MFCD,Haryana
404,X639,X639 - AP AUTO DOCS,X639,PLX639,,IN,Hubbali,"Plot No 5807/19, Besides New B",580030.0,580030,Hubbali,MFCC,Karnataka
405,X640,X640 - SARU AUTOMOBILES,X640,PLX640,,IN,Patiala,"A-5, Focal",147001.0,147001,Patiala,MFCD,Punjab
406,X644,X644 - BATRA MOTORS,X644,PLX644,,IN,Gadarpur,"Khata No.00024, Khasra No,",263152.0,263152,Gadarpur,MFCD,Uttarakhand
407,X650,X650 - AM MOTORS,X650,PLX650,,IN,Tinsukia,"Plot  32, Khukanphukuri,",786146.0,786146,Tinsukia,MFCD,Assam
408,X655,X655 - JOSNIKA DEVELOPERS PVT.,X655,PLX655,,IN,Durgapur,"Khatian No.4009, Daag No 1158,",713363.0,713363,Durgapur,MFCD,West Bengal
409,X661,X661 - RUDRA MOTORS,X661,PLX661,,IN,Sirsa,"7km Mile Stone,",125055.0,125055,Sirsa,MFCD,Haryana
410,X672,X672 - SRI SANTHI VIJAY MOTORS,X672,PLX672,,IN,Mayiladuthurai,"36/44 Tarangambadi Main Road,",609001.0,609001,Mayiladuthurai,MFCD,Tamil Nadu
411,X676,X676 - YASH MOTORS,X676,PLX676,,IN,Narwana,"Patiala Road, Near Railway Fat",453115.0,453115,Narwana,MFCD,Haryana
412,X677,X677 - NEW PREM AUTOMOBILE,X677,PLX677,,IN,Bhagpat,"Plot No. 525,",250609.0,250609,Bhagpat,MFCD,Uttar Pradesh
413,X688,X688 - GIRRAJJI MOTORS,X688,PLX688,,IN,Agra,"Plot No.10K, Mauja Rohta, Gwal",,999999,Agra,MFCD,Uttar Pradesh
414,X689,X689 - POONAM MOTORS,X689,PLX689,,IN,Delhi,"Opp. Rama Krishna Apartment, N",999999.0,999999,Delhi,MFCA,Delhi
415,X691,X691 - SAMMANTHAM MOTORS,X691,PLX691,,IN,Kanchipuram,"No: 610/610A,  Kanchi Co-Opera",631501.0,631501,Kanchipuram,MFCD,Tamil Nadu
416,X693,X693 - SWASTIK MOTORS,X693,PLX693,,IN,Kolkata,"Mouza Karimpur,J.L. 2, P.S. So",700150.0,700150,Kolkata,MFCD,West Bengal
417,X701,X701 - JOSNIKA INFRA PVT. LTD.,X701,PLX701,,IN,Titagarh,"2 No., BT Road, Beside CESC Ti",700119.0,700119,Titagarh,MFCD,West Bengal
418,X704,X704 - ROLLING RIGHT SERVICES,X704,PLX704,,IN,Mangalore,"Plot No. 2-60/C, Nh-66, Kallap",575017.0,575017,Mangalore,MFCC,Karnataka
419,X705,X705 - M/S SLV CAR CARE,X705,PLX705,,IN,Tumkur,"No. 30, 2nd Main Road, Sapthag",572102.0,572102,Tumkur,MFCD,Karnataka
420,X706,X706 - ADITYA & BROTHERS,X706,PLX706,,IN,Manendragarh,"Plot No. 343/10, In Front Of K",999999.0,999999,Manendragarh,MFCD,Chhattisgarh
421,X707,X707 - EKAM MOTORS,X707,PLX707,,IN,Kekri,"F-54, Riico Industrial Area,",305404.0,305404,Kekri,MFCD,Rajasthan
422,X709,X709 - RANASHRI MOTORS PVT. LT,X709,PLX709,,IN,Charkhi Dadri,"Khata No.1201, Khatoni No.1283",127306.0,127306,Charkhi Dadri,MFCD,Haryana
423,X712,X712 - M/S. JAPAT CAR CARE PVT,X712,PLX712,,IN,Batala,"14/615 16, 25, 17/5, 6/1, Khew",143505.0,143505,Batala,MFCD,Punjab
424,X714,X714 - M/S SRI GURURAGHAVENDRA,X714,PLX714,,IN,Kanakapura Road,"42/7, R K Industries, 80Ft. Ro",560061.0,560061,Kanakapura Road,MFCD,Karnataka
425,X720,X720 - S.G. INFRACARE (P) LTD.,X720,PLX720,,IN,Sarojini Nagar,"Plot No. 1016, Sarojini Nagar,",226001.0,226001,Lucknow,MFCD,Uttar Pradesh
426,X728,X728 - M/S S & P AUTOMOTIVE SE,X728,PLX728,,IN,Jhabua,"Halka No: 18, Village Mindal,",457661.0,457661,Jhabua,MFCD,Madhya Pradesh
427,X729,X729 - PERFORMANCE AUTOMOTIVES,X729,PLX729,,IN,Solinganallur,"No.384,  Village High Road,",600119.0,600119,Solinganallur,MFCD,Tamil Nadu
428,X748,X748 - MURALI AUTOMOBILES PVT,X748,PLX748,,IN,Mulund,"Shade No.13, Anjani Kumar Indu",400079.0,400079,Mulund,MFCA,Maharashtra
429,X749,X749 - MURALI AUTOMOBILES PVT,X749,PLX749,,IN,Thane,"Anand Cinema Compound,",400079.0,400079,Thane,MFCA,Maharashtra
430,X756,X756 - ZENITH AUTOMOTIVE SERVI,X756,PLX756,,IN,Meerut,,0.0,999999,Meerut,MFCD,Uttar Pradesh
431,X758,X758 - VELOCITY AUTOMOTIVES PV,X758,PLX758,,IN,AMBALA,"#Nh-1 G T Road, Near Jandli Br",0.0,134003,Ambala,MFCD,Haryana
432,X770,X770 - GURUDEV MOTORS PVT. LTD,X770,PLX770,,IN,Madurai,"581/84-83 Dindigl Highway,",625018.0,625018,Madurai,MFCD,Tamil Nadu
433,X780,X780 - SOKHI BROTHERS MOTOR DI,X780,PLX780,,IN,Bhopal,"Jk Main Road,",462023.0,462023,Bhopal,MFCD,Madhya Pradesh
434,X781,X781 - XPRESS SERVICE,X781,PLX781,,IN,Coimbatore,"149 Dhayal Street, Thiru Nagar",641030.0,641030,Coimbatore,MFCD,Tamil Nadu
435,X789,X789 - ARYAN MOTORS,X789,PLX789,,IN,Barielly,"33,35, Rajiv Enclave Extension",243001.0,243001,Barielly,MFCD,Uttar Pradesh
436,X795,X795 - RS MOTORS,X795,PLX795,,IN,Guindy,"49&51/2, Thiru Vi Ka Industria",600032.0,600032,Chennai,MFCA,Tamil Nadu
437,X796,X796 - SINHA CARS PVT LTD,X796,PLX796,,IN,Khoparkairane,"A/70, T.T.C. Industrial Estate",400710.0,400710,Khoparkairane,MFCC,Maharashtra
